,10_2_P_R_A__0,10,2,25.0,2.57,117.02,21.45,64.0,Kluster
0,10_2_P_R_A__1,10,2,23.09,2.36,119.45,21.64,78.5,1
1,10_2_P_R_A__2,10,2,22.09,2.12,118.73,19.91,86.0,1
2,10_2_P_R_A__3,10,2,25.95,2.4,121.75,22.18,79.0,1
3,10_2_P_R_A__4,10,2,21.55,2.67,114.53,18.82,121.33,16
4,10_2_P_R_F__0,10,2,23.27,2.57,124.03,20.09,106.75,16
5,10_2_P_R_F__1,10,2,18.18,2.32,112.0,14.36,60.8,4
6,10_2_P_R_F__2,10,2,20.68,2.78,124.66,16.09,67.2,1
7,10_2_P_R_F__3,10,2,26.5,2.53,125.19,24.36,86.43,1
8,10_2_P_R_F__4,10,2,27.27,3.0,126.38,24.73,77.43,1
9,10_2_P_R_M__0,10,2,24.36,2.51,125.31,18.45,110.0,16
10,10_2_P_R_M__1,10,2,18.32,2.43,119.98,14.73,71.75,1
11,10_2_P_R_M__2,10,2,23.73,2.62,123.39,21.09,72.0,1
12,10_2_P_R_M__3,10,2,19.14,2.66,119.31,16.82,103.33,16
13,10_2_P_R_M__4,10,2,19.05,2.4,131.59,14.55,64.25,1
14,10_2_P_S_A__0,10,2,19.82,2.46,24.86,12.0,66.0,10
15,10_2_P_S_A__1,10,2,22.77,2.81,23.88,15.64,57.5,10
16,10_2_P_S_A__2,10,2,26.45,2.2,21.26,24.18,121.33,7
17,10_2_P_S_A__3,10,2,25.27,2.2,21.47,22.73,67.4,10
18,10_2_P_S_A__4,10,2,25.41,2.3,23.65,21.18,123.33,7
19,10_2_P_S_F__0,10,2,24.5,2.12,22.05,20.18,97.0,7
20,10_2_P_S_F__1,10,2,16.09,2.7,21.31,13.27,60.4,10
21,10_2_P_S_F__2,10,2,21.45,2.65,22.03,17.36,90.4,7
22,10_2_P_S_F__3,10,2,26.5,2.42,24.38,23.82,92.5,7
23,10_2_P_S_F__4,10,2,25.91,2.27,23.97,22.18,83.0,7
24,10_2_P_S_M__0,10,2,29.59,3.14,23.31,26.18,86.33,7
25,10_2_P_S_M__1,10,2,27.59,2.23,25.24,25.18,79.0,10
26,10_2_P_S_M__2,10,2,21.05,2.31,24.64,15.64,72.0,10
27,10_2_P_S_M__3,10,2,22.18,2.5,25.26,17.55,54.5,3
28,10_2_P_S_M__4,10,2,24.86,2.14,26.17,20.73,80.8,10
29,10_2_Se_R_A__0,10,2,21.36,19.55,123.17,16.91,81.67,18
30,10_2_Se_R_A__1,10,2,21.41,12.66,118.33,15.91,70.67,9
31,10_2_Se_R_A__2,10,2,24.5,20.81,120.63,20.27,67.75,9
32,10_2_Se_R_A__3,10,2,21.32,18.98,122.81,16.55,114.0,16
33,10_2_Se_R_A__4,10,2,22.73,18.01,106.93,18.27,70.0,9
34,10_2_Se_R_F__0,10,2,19.77,16.52,117.16,16.73,90.5,18
35,10_2_Se_R_F__1,10,2,30.0,23.44,111.83,25.82,87.43,18
36,10_2_Se_R_F__2,10,2,21.32,22.66,133.17,16.09,62.83,9
37,10_2_Se_R_F__3,10,2,22.36,15.27,119.09,19.64,82.8,18
38,10_2_Se_R_F__4,10,2,18.59,19.15,116.2,15.09,73.0,9
39,10_2_Se_R_M__0,10,2,24.95,21.34,125.85,21.36,76.17,18
40,10_2_Se_R_M__1,10,2,23.45,23.9,132.07,19.45,87.25,18
41,10_2_Se_R_M__2,10,2,24.23,24.19,121.22,20.73,89.8,18
42,10_2_Se_R_M__3,10,2,24.14,15.91,122.71,21.0,79.8,18
43,10_2_Se_R_M__4,10,2,27.27,23.08,120.71,23.73,76.17,18
44,10_2_Se_S_A__0,10,2,19.32,18.12,23.45,14.64,66.5,17
45,10_2_Se_S_A__1,10,2,21.64,16.2,24.28,18.18,90.33,7
46,10_2_Se_S_A__2,10,2,21.36,19.04,22.63,17.82,87.0,17
47,10_2_Se_S_A__3,10,2,26.64,19.68,25.27,24.27,97.75,7
48,10_2_Se_S_A__4,10,2,22.82,22.96,20.71,20.36,76.0,17
49,10_2_Se_S_F__0,10,2,19.23,20.06,24.69,17.18,74.8,17
50,10_2_Se_S_F__1,10,2,19.95,17.91,23.31,17.55,61.83,6
51,10_2_Se_S_F__2,10,2,21.82,17.34,23.92,18.73,74.83,17
52,10_2_Se_S_F__3,10,2,25.5,19.89,22.07,19.0,96.8,7
53,10_2_Se_S_F__4,10,2,21.41,23.31,23.52,19.73,84.8,17
54,10_2_Se_S_M__0,10,2,25.55,20.46,21.19,23.0,95.6,7
55,10_2_Se_S_M__1,10,2,24.64,19.72,23.47,20.64,87.2,17
56,10_2_Se_S_M__2,10,2,21.95,17.57,23.42,16.64,47.17,6
57,10_2_Se_S_M__3,10,2,22.68,20.35,22.98,18.36,63.0,6
58,10_2_Se_S_M__4,10,2,26.09,18.81,22.48,20.82,66.0,17
59,10_4_P_R_A__0,10,4,21.66,2.55,122.36,15.55,54.0,4
60,10_4_P_R_A__1,10,4,21.34,2.51,121.83,13.18,51.25,4
61,10_4_P_R_A__2,10,4,23.18,2.4,127.42,17.73,51.4,4
62,10_4_P_R_A__3,10,4,21.7,2.26,117.39,11.64,33.0,4
63,10_4_P_R_A__4,10,4,24.05,2.64,125.26,18.45,67.0,1
64,10_4_P_R_F__0,10,4,24.3,2.65,112.89,17.45,76.83,1
65,10_4_P_R_F__1,10,4,16.66,2.71,115.31,11.91,43.67,4
66,10_4_P_R_F__2,10,4,23.16,2.6,127.83,15.09,71.4,1
67,10_4_P_R_F__3,10,4,25.95,2.54,124.64,19.36,68.71,1
68,10_4_P_R_F__4,10,4,19.86,2.7,119.39,12.45,74.0,1
69,10_4_P_R_M__0,10,4,22.66,2.58,123.42,13.73,69.25,1
70,10_4_P_R_M__1,10,4,23.91,2.88,127.32,15.55,56.2,4
71,10_4_P_R_M__2,10,4,21.59,2.6,124.36,16.55,50.5,4
72,10_4_P_R_M__3,10,4,24.57,2.64,129.17,14.82,59.2,4
73,10_4_P_R_M__4,10,4,25.91,2.35,117.85,19.36,72.8,1
74,10_4_P_S_A__0,10,4,23.59,2.48,24.23,16.64,62.75,10
75,10_4_P_S_A__1,10,4,21.39,2.45,22.56,13.82,47.5,3
76,10_4_P_S_A__2,10,4,21.91,2.71,23.04,15.18,67.67,10
77,10_4_P_S_A__3,10,4,24.14,2.43,23.64,16.64,63.5,10
78,10_4_P_S_A__4,10,4,18.84,2.4,23.14,12.64,53.75,3
79,10_4_P_S_F__0,10,4,22.64,2.65,23.44,14.64,65.2,10
80,10_4_P_S_F__1,10,4,22.55,2.66,24.3,16.27,50.86,3
81,10_4_P_S_F__2,10,4,21.0,2.37,21.8,15.09,57.17,3
82,10_4_P_S_F__3,10,4,21.45,2.57,24.0,14.45,61.0,10
83,10_4_P_S_F__4,10,4,24.45,2.57,21.7,15.82,66.2,10
84,10_4_P_S_M__0,10,4,24.5,2.41,23.95,17.18,48.17,3
85,10_4_P_S_M__1,10,4,16.57,2.47,21.55,13.0,40.5,3
86,10_4_P_S_M__2,10,4,20.09,2.39,21.09,12.82,53.75,3
87,10_4_P_S_M__3,10,4,26.2,2.56,22.73,19.64,69.6,10
88,10_4_P_S_M__4,10,4,25.0,2.73,24.07,21.0,63.67,10
89,10_4_Se_R_A__0,10,4,24.27,20.27,121.07,17.91,61.4,9
90,10_4_Se_R_A__1,10,4,25.36,22.19,119.6,17.0,87.67,18
91,10_4_Se_R_A__2,10,4,23.73,24.03,127.39,19.0,66.75,9
92,10_4_Se_R_A__3,10,4,21.25,22.3,127.16,15.82,58.25,9
93,10_4_Se_R_A__4,10,4,25.66,18.31,122.78,17.73,60.8,9
94,10_4_Se_R_F__0,10,4,23.52,19.78,120.68,16.09,93.25,18
95,10_4_Se_R_F__1,10,4,21.34,22.25,121.79,15.27,42.0,12
96,10_4_Se_R_F__2,10,4,20.02,23.73,113.06,15.0,63.17,9
97,10_4_Se_R_F__3,10,4,21.3,21.79,118.63,11.91,46.33,12
98,10_4_Se_R_F__4,10,4,23.25,21.87,120.31,17.09,63.17,9
99,10_4_Se_R_M__0,10,4,23.73,22.29,123.37,15.27,44.33,12
100,10_4_Se_R_M__1,10,4,20.55,18.43,116.3,14.91,46.83,12
101,10_4_Se_R_M__2,10,4,20.73,21.31,131.5,13.0,69.5,9
102,10_4_Se_R_M__3,10,4,23.55,22.64,121.01,15.09,46.17,12
103,10_4_Se_R_M__4,10,4,27.3,20.63,119.79,18.36,57.33,9
104,10_4_Se_S_A__0,10,4,17.86,21.59,22.0,12.18,53.33,6
105,10_4_Se_S_A__1,10,4,23.82,22.04,22.46,17.55,59.0,6
106,10_4_Se_S_A__2,10,4,20.05,21.55,23.14,15.55,53.8,6
107,10_4_Se_S_A__3,10,4,22.77,21.17,22.78,16.36,63.75,6
108,10_4_Se_S_A__4,10,4,24.2,17.15,24.88,16.09,61.25,6
109,10_4_Se_S_F__0,10,4,23.55,20.66,21.77,14.91,85.75,17
110,10_4_Se_S_F__1,10,4,20.77,21.84,22.35,13.36,43.14,6
111,10_4_Se_S_F__2,10,4,21.43,18.42,20.74,16.64,78.8,17
112,10_4_Se_S_F__3,10,4,25.61,23.57,21.74,19.36,74.83,17
113,10_4_Se_S_F__4,10,4,25.02,19.32,23.02,15.91,50.86,6
114,10_4_Se_S_M__0,10,4,21.05,19.59,24.66,13.45,62.75,6
115,10_4_Se_S_M__1,10,4,18.7,20.96,26.07,11.36,45.8,6
116,10_4_Se_S_M__2,10,4,20.07,20.39,24.84,13.45,51.6,6
117,10_4_Se_S_M__3,10,4,21.64,18.91,25.31,18.91,78.5,17
118,10_4_Se_S_M__4,10,4,20.91,18.65,22.86,16.27,64.6,6
119,10_8_P_R_A__0,10,8,22.3,2.42,105.79,13.91,75.33,1
120,10_8_P_R_A__1,10,8,23.4,2.52,133.88,15.09,63.75,1
121,10_8_P_R_A__2,10,8,21.5,2.75,121.22,10.73,62.0,4
122,10_8_P_R_A__3,10,8,22.88,2.61,116.5,15.0,49.6,4
123,10_8_P_R_A__4,10,8,22.51,2.78,122.35,14.09,55.75,4
124,10_8_P_R_F__0,10,8,22.15,2.58,120.66,11.36,51.2,4
125,10_8_P_R_F__1,10,8,22.35,2.43,119.34,16.27,56.57,4
126,10_8_P_R_F__2,10,8,23.76,2.5,125.4,14.82,48.14,4
127,10_8_P_R_F__3,10,8,23.7,2.68,120.53,15.09,71.4,1
128,10_8_P_R_F__4,10,8,24.94,2.67,125.44,15.27,54.33,4
129,10_8_P_R_M__0,10,8,23.73,2.5,120.0,17.09,60.2,4
130,10_8_P_R_M__1,10,8,20.5,2.59,117.8,12.45,48.8,4
131,10_8_P_R_M__2,10,8,20.88,2.7,122.23,13.82,47.4,4
132,10_8_P_R_M__3,10,8,22.57,2.47,113.55,13.09,45.0,4
133,10_8_P_R_M__4,10,8,21.91,2.52,119.69,15.64,46.33,4
134,10_8_P_S_A__0,10,8,22.39,2.54,21.95,12.09,37.6,3
135,10_8_P_S_A__1,10,8,23.31,2.57,22.46,14.73,42.6,3
136,10_8_P_S_A__2,10,8,21.8,2.56,21.52,11.27,105.0,7
137,10_8_P_S_A__3,10,8,24.65,2.64,23.22,16.0,61.25,10
138,10_8_P_S_A__4,10,8,22.48,2.72,24.07,15.36,56.5,3
139,10_8_P_S_F__0,10,8,21.83,2.6,24.53,11.36,47.6,3
140,10_8_P_S_F__1,10,8,24.02,2.5,24.21,12.45,41.0,3
141,10_8_P_S_F__2,10,8,20.26,2.62,23.52,12.09,48.0,3
142,10_8_P_S_F__3,10,8,21.65,2.46,22.02,15.0,61.0,10
143,10_8_P_S_F__4,10,8,20.9,2.58,23.72,12.09,36.14,3
144,10_8_P_S_M__0,10,8,24.95,2.67,23.47,15.73,71.25,10
145,10_8_P_S_M__1,10,8,21.95,2.5,24.78,10.64,49.75,3
146,10_8_P_S_M__2,10,8,24.15,2.33,25.22,17.55,91.75,7
147,10_8_P_S_M__3,10,8,23.32,2.58,22.46,13.27,43.67,3
148,10_8_P_S_M__4,10,8,22.41,2.55,25.45,16.18,50.67,3
149,10_8_Se_R_A__0,10,8,22.59,19.98,112.21,14.64,55.75,12
150,10_8_Se_R_A__1,10,8,22.06,23.34,116.36,15.45,59.25,9
151,10_8_Se_R_A__2,10,8,24.27,21.37,113.59,13.27,80.33,18
152,10_8_Se_R_A__3,10,8,23.61,22.59,120.91,10.45,46.67,12
153,10_8_Se_R_A__4,10,8,23.17,23.67,120.28,13.09,54.0,12
154,10_8_Se_R_F__0,10,8,21.35,24.25,119.01,13.45,35.5,12
155,10_8_Se_R_F__1,10,8,21.58,19.55,126.46,12.45,62.6,9
156,10_8_Se_R_F__2,10,8,20.01,20.22,117.42,14.55,69.2,9
157,10_8_Se_R_F__3,10,8,22.49,20.63,121.27,11.64,58.4,9
158,10_8_Se_R_F__4,10,8,21.97,20.93,126.12,13.73,40.86,12
159,10_8_Se_R_M__0,10,8,21.86,19.13,115.85,12.18,50.5,12
160,10_8_Se_R_M__1,10,8,25.72,18.67,113.74,13.82,65.0,9
161,10_8_Se_R_M__2,10,8,22.91,21.77,113.31,14.82,67.0,9
162,10_8_Se_R_M__3,10,8,24.53,20.69,121.19,16.82,58.6,9
163,10_8_Se_R_M__4,10,8,20.41,18.18,123.54,12.36,57.0,9
164,10_8_Se_S_A__0,10,8,24.31,21.54,24.63,14.0,47.75,6
165,10_8_Se_S_A__1,10,8,22.62,21.46,23.45,13.18,80.33,17
166,10_8_Se_S_A__2,10,8,21.77,19.28,23.44,13.18,59.67,6
167,10_8_Se_S_A__3,10,8,20.92,22.13,22.21,16.55,47.8,6
168,10_8_Se_S_A__4,10,8,24.14,21.05,23.19,15.82,36.0,6
169,10_8_Se_S_F__0,10,8,21.69,21.2,24.46,14.27,54.67,6
170,10_8_Se_S_F__1,10,8,22.48,20.32,22.12,13.36,46.0,6
171,10_8_Se_S_F__2,10,8,21.68,20.39,22.18,13.36,50.43,6
172,10_8_Se_S_F__3,10,8,19.22,20.98,20.89,9.36,55.25,6
173,10_8_Se_S_F__4,10,8,22.95,20.43,24.51,13.55,53.83,6
174,10_8_Se_S_M__0,10,8,23.55,21.23,24.79,15.45,56.0,6
175,10_8_Se_S_M__1,10,8,23.19,19.44,24.53,11.91,40.6,6
176,10_8_Se_S_M__2,10,8,22.76,19.02,23.06,13.45,44.8,6
177,10_8_Se_S_M__3,10,8,24.06,23.56,23.04,15.73,49.0,6
178,10_8_Se_S_M__4,10,8,26.55,21.58,24.51,17.09,60.6,6
179,15_2_P_R_A__0,15,2,20.25,2.66,117.76,17.56,68.6,1
180,15_2_P_R_A__1,15,2,21.22,2.65,128.69,17.62,65.5,1
181,15_2_P_R_A__2,15,2,22.84,2.78,113.23,18.19,71.6,1
182,15_2_P_R_A__3,15,2,22.47,2.64,130.99,19.81,75.17,1
183,15_2_P_R_A__4,15,2,25.88,2.18,124.31,21.81,108.25,16
184,15_2_P_R_F__0,15,2,18.56,2.54,120.91,15.12,52.22,4
185,15_2_P_R_F__1,15,2,25.88,2.47,122.72,20.69,87.5,1
186,15_2_P_R_F__2,15,2,22.19,2.57,120.87,19.31,88.86,1
187,15_2_P_R_F__3,15,2,22.66,2.64,116.77,18.75,96.14,16
188,15_2_P_R_F__4,15,2,20.75,2.4,124.52,16.06,64.38,1
189,15_2_P_R_M__0,15,2,22.41,2.81,119.45,18.31,75.86,1
190,15_2_P_R_M__1,15,2,21.53,2.47,120.38,18.38,59.25,4
191,15_2_P_R_M__2,15,2,21.62,2.28,117.86,18.44,84.0,1
192,15_2_P_R_M__3,15,2,20.47,2.48,120.66,16.62,81.8,1
193,15_2_P_R_M__4,15,2,21.41,2.45,125.8,18.0,69.86,1
194,15_2_P_S_A__0,15,2,21.69,2.76,23.14,18.75,61.83,10
195,15_2_P_S_A__1,15,2,21.06,2.37,21.34,16.06,81.25,10
196,15_2_P_S_A__2,15,2,30.03,2.68,23.88,26.44,91.67,7
197,15_2_P_S_A__3,15,2,22.88,2.37,24.52,18.06,60.0,10
198,15_2_P_S_A__4,15,2,23.91,2.53,22.86,20.88,88.6,7
199,15_2_P_S_F__0,15,2,23.34,2.62,23.89,17.56,57.7,10
200,15_2_P_S_F__1,15,2,24.78,2.35,23.99,20.12,79.0,10
201,15_2_P_S_F__2,15,2,25.72,2.2,23.38,19.12,94.0,7
202,15_2_P_S_F__3,15,2,22.72,2.61,23.91,17.62,75.38,10
203,15_2_P_S_F__4,15,2,18.81,2.55,23.24,15.19,60.25,10
204,15_2_P_S_M__0,15,2,23.66,2.5,24.27,17.56,73.67,10
205,15_2_P_S_M__1,15,2,23.56,2.76,23.2,18.38,76.17,10
206,15_2_P_S_M__2,15,2,20.38,2.91,23.47,16.06,64.17,10
207,15_2_P_S_M__3,15,2,23.19,2.6,22.33,20.12,107.2,7
208,15_2_P_S_M__4,15,2,22.62,2.61,23.52,18.75,72.57,10
209,15_2_Se_R_A__0,15,2,22.09,20.13,125.42,17.75,54.14,12
210,15_2_Se_R_A__1,15,2,27.25,19.18,120.95,22.25,100.6,16
211,15_2_Se_R_A__2,15,2,22.19,16.23,121.46,16.88,86.6,18
212,15_2_Se_R_A__3,15,2,20.56,22.47,123.7,16.88,59.67,9
213,15_2_Se_R_A__4,15,2,24.5,17.92,125.2,17.25,70.2,9
214,15_2_Se_R_F__0,15,2,24.28,19.16,116.85,20.0,76.0,18
215,15_2_Se_R_F__1,15,2,24.22,14.03,122.85,20.69,79.11,18
216,15_2_Se_R_F__2,15,2,21.84,19.11,130.84,17.75,66.33,9
217,15_2_Se_R_F__3,15,2,22.88,16.5,118.63,18.06,90.43,18
218,15_2_Se_R_F__4,15,2,24.16,17.1,129.82,19.56,83.75,18
219,15_2_Se_R_M__0,15,2,23.31,19.31,123.42,21.38,95.5,18
220,15_2_Se_R_M__1,15,2,21.81,19.81,123.05,18.62,79.33,18
221,15_2_Se_R_M__2,15,2,23.31,20.19,122.95,17.88,72.67,9
222,15_2_Se_R_M__3,15,2,24.94,18.82,122.38,21.56,77.43,18
223,15_2_Se_R_M__4,15,2,25.09,18.47,121.81,21.31,86.33,18
224,15_2_Se_S_A__0,15,2,23.5,16.96,24.27,17.81,66.5,17
225,15_2_Se_S_A__1,15,2,25.97,18.85,24.32,22.62,94.2,7
226,15_2_Se_S_A__2,15,2,21.22,17.14,22.97,19.56,77.6,17
227,15_2_Se_S_A__3,15,2,24.47,17.2,21.96,20.06,61.14,6
228,15_2_Se_S_A__4,15,2,26.03,21.89,22.55,20.62,70.71,17
229,15_2_Se_S_F__0,15,2,23.59,17.39,22.34,19.88,88.71,7
230,15_2_Se_S_F__1,15,2,24.25,16.37,23.22,20.31,81.88,17
231,15_2_Se_S_F__2,15,2,26.72,12.03,25.46,22.12,69.27,17
232,15_2_Se_S_F__3,15,2,21.56,21.26,22.59,18.0,64.11,6
233,15_2_Se_S_F__4,15,2,21.81,21.6,23.86,17.19,55.7,6
234,15_2_Se_S_M__0,15,2,23.12,18.73,21.99,19.88,108.0,7
235,15_2_Se_S_M__1,15,2,22.69,15.51,23.45,18.75,107.8,7
236,15_2_Se_S_M__2,15,2,22.56,18.42,23.31,16.75,105.0,7
237,15_2_Se_S_M__3,15,2,22.12,14.97,23.52,17.0,85.6,17
238,15_2_Se_S_M__4,15,2,22.5,13.94,23.88,18.56,78.33,17
239,15_4_P_R_A__0,15,4,24.45,2.6,126.26,17.31,87.2,1
240,15_4_P_R_A__1,15,4,22.45,2.26,122.62,13.88,66.75,1
241,15_4_P_R_A__2,15,4,24.2,2.36,123.6,17.94,61.67,4
242,15_4_P_R_A__3,15,4,23.42,2.73,120.66,16.56,65.5,1
243,15_4_P_R_A__4,15,4,23.7,2.44,118.66,16.88,73.0,1
244,15_4_P_R_F__0,15,4,22.91,2.63,125.04,17.5,75.75,1
245,15_4_P_R_F__1,15,4,27.22,2.49,126.36,19.62,68.0,1
246,15_4_P_R_F__2,15,4,20.75,2.49,119.51,15.94,80.83,1
247,15_4_P_R_F__3,15,4,23.66,2.45,121.41,17.44,65.56,1
248,15_4_P_R_F__4,15,4,22.47,2.26,128.94,15.31,70.86,1
249,15_4_P_R_M__0,15,4,23.94,2.52,121.44,15.5,57.57,4
250,15_4_P_R_M__1,15,4,25.92,2.47,129.02,15.88,74.33,1
251,15_4_P_R_M__2,15,4,23.59,2.62,125.1,15.88,82.2,1
252,15_4_P_R_M__3,15,4,20.91,2.47,125.36,15.56,69.0,1
253,15_4_P_R_M__4,15,4,24.19,2.48,115.34,17.31,62.29,4
254,15_4_P_S_A__0,15,4,21.83,2.48,24.36,17.12,55.14,3
255,15_4_P_S_A__1,15,4,23.38,2.62,24.33,15.31,46.29,3
256,15_4_P_S_A__2,15,4,22.89,2.43,23.27,17.12,74.2,10
257,15_4_P_S_A__3,15,4,20.06,2.43,23.89,13.88,55.17,3
258,15_4_P_S_A__4,15,4,23.92,2.68,23.99,13.62,65.75,10
259,15_4_P_S_F__0,15,4,22.38,2.47,21.52,13.5,80.5,10
260,15_4_P_S_F__1,15,4,25.0,2.47,22.91,17.69,81.86,10
261,15_4_P_S_F__2,15,4,24.39,2.45,23.53,18.75,54.45,3
262,15_4_P_S_F__3,15,4,24.47,2.75,24.47,18.44,83.86,7
263,15_4_P_S_F__4,15,4,23.55,2.57,21.28,19.25,68.67,10
264,15_4_P_S_M__0,15,4,23.58,2.49,25.09,14.0,56.29,3
265,15_4_P_S_M__1,15,4,26.12,2.57,23.37,20.25,70.25,10
266,15_4_P_S_M__2,15,4,24.38,2.48,25.03,17.69,65.29,10
267,15_4_P_S_M__3,15,4,25.88,2.55,23.1,16.81,67.67,10
268,15_4_P_S_M__4,15,4,23.5,2.46,23.59,16.0,66.57,10
269,15_4_Se_R_A__0,15,4,23.48,21.74,126.66,16.5,63.0,9
270,15_4_Se_R_A__1,15,4,23.2,18.65,121.17,18.25,66.83,9
271,15_4_Se_R_A__2,15,4,22.8,17.07,122.35,17.12,54.67,12
272,15_4_Se_R_A__3,15,4,25.25,19.93,117.74,17.56,62.17,9
273,15_4_Se_R_A__4,15,4,20.89,21.97,124.42,14.81,52.33,12
274,15_4_Se_R_F__0,15,4,22.41,19.55,130.41,14.06,44.1,12
275,15_4_Se_R_F__1,15,4,21.97,15.72,114.57,14.25,65.43,9
276,15_4_Se_R_F__2,15,4,24.69,18.96,125.8,16.5,63.25,9
277,15_4_Se_R_F__3,15,4,22.38,21.04,117.02,13.69,65.14,9
278,15_4_Se_R_F__4,15,4,20.64,19.07,129.19,14.31,64.29,9
279,15_4_Se_R_M__0,15,4,24.12,16.76,123.54,16.44,58.71,9
280,15_4_Se_R_M__1,15,4,24.58,20.12,121.36,18.12,80.33,18
281,15_4_Se_R_M__2,15,4,24.48,21.71,128.22,17.5,71.57,9
282,15_4_Se_R_M__3,15,4,25.03,19.23,122.32,17.94,72.43,9
283,15_4_Se_R_M__4,15,4,25.14,16.62,126.47,20.81,77.57,18
284,15_4_Se_S_A__0,15,4,22.3,19.44,23.39,14.94,71.5,17
285,15_4_Se_S_A__1,15,4,23.14,17.92,23.22,16.19,79.2,17
286,15_4_Se_S_A__2,15,4,23.12,16.68,24.35,15.0,90.75,7
287,15_4_Se_S_A__3,15,4,24.42,15.68,22.03,15.81,77.75,17
288,15_4_Se_S_A__4,15,4,23.83,19.83,22.87,18.81,87.2,17
289,15_4_Se_S_F__0,15,4,24.86,16.74,22.96,17.19,68.38,17
290,15_4_Se_S_F__1,15,4,22.45,17.89,25.54,12.81,49.12,6
291,15_4_Se_S_F__2,15,4,24.58,19.11,24.54,14.5,76.5,17
292,15_4_Se_S_F__3,15,4,24.64,19.56,23.83,15.69,68.71,17
293,15_4_Se_S_F__4,15,4,21.41,18.18,23.52,16.5,80.43,17
294,15_4_Se_S_M__0,15,4,23.0,19.12,25.24,17.19,72.0,17
295,15_4_Se_S_M__1,15,4,23.09,16.04,22.92,17.94,68.57,17
296,15_4_Se_S_M__2,15,4,24.59,17.3,24.27,15.75,66.17,17
297,15_4_Se_S_M__3,15,4,21.17,16.16,21.81,14.0,78.0,17
298,15_4_Se_S_M__4,15,4,24.27,18.01,22.95,16.19,75.5,17
299,15_8_P_R_A__0,15,8,21.48,2.65,126.25,15.5,61.0,4
300,15_8_P_R_A__1,15,8,23.98,2.51,121.62,14.31,61.4,4
301,15_8_P_R_A__2,15,8,23.28,2.52,122.87,12.5,50.4,4
302,15_8_P_R_A__3,15,8,23.01,2.45,114.05,12.31,46.17,4
303,15_8_P_R_A__4,15,8,24.56,2.51,127.15,16.62,54.0,4
304,15_8_P_R_F__0,15,8,24.73,2.49,120.91,17.31,80.43,1
305,15_8_P_R_F__1,15,8,20.38,2.56,115.27,10.69,46.57,4
306,15_8_P_R_F__2,15,8,23.62,2.62,119.16,12.56,44.0,4
307,15_8_P_R_F__3,15,8,23.25,2.52,130.29,12.19,48.88,4
308,15_8_P_R_F__4,15,8,26.04,2.48,127.9,17.81,64.56,1
309,15_8_P_R_M__0,15,8,24.45,2.64,130.24,14.88,53.86,4
310,15_8_P_R_M__1,15,8,23.13,2.49,129.54,12.38,64.8,1
311,15_8_P_R_M__2,15,8,23.72,2.57,119.12,15.0,54.29,4
312,15_8_P_R_M__3,15,8,23.34,2.46,111.99,12.38,46.0,4
313,15_8_P_R_M__4,15,8,22.3,2.51,117.3,13.81,71.6,1
314,15_8_P_S_A__0,15,8,23.33,2.36,24.2,14.44,62.6,10
315,15_8_P_S_A__1,15,8,23.41,2.51,25.16,13.19,48.17,3
316,15_8_P_S_A__2,15,8,23.23,2.56,22.66,14.19,59.2,10
317,15_8_P_S_A__3,15,8,23.58,2.51,22.5,11.56,44.4,3
318,15_8_P_S_A__4,15,8,20.77,2.52,24.66,11.19,50.6,3
319,15_8_P_S_F__0,15,8,24.27,2.6,25.25,16.88,61.78,10
320,15_8_P_S_F__1,15,8,23.33,2.45,21.07,13.0,57.57,3
321,15_8_P_S_F__2,15,8,23.0,2.38,23.07,14.56,62.38,10
322,15_8_P_S_F__3,15,8,23.93,2.57,24.12,16.75,59.56,10
323,15_8_P_S_F__4,15,8,22.52,2.45,23.34,13.31,57.71,3
324,15_8_P_S_M__0,15,8,25.46,2.73,23.59,15.06,49.5,3
325,15_8_P_S_M__1,15,8,23.11,2.71,23.11,16.12,50.5,3
326,15_8_P_S_M__2,15,8,23.66,2.51,24.23,16.5,53.0,3
327,15_8_P_S_M__3,15,8,23.47,2.56,23.37,13.06,64.8,10
328,15_8_P_S_M__4,15,8,23.45,2.6,24.57,13.81,60.17,10
329,15_8_Se_R_A__0,15,8,22.59,16.94,128.88,13.06,39.71,12
330,15_8_Se_R_A__1,15,8,23.36,18.48,121.55,14.19,57.67,9
331,15_8_Se_R_A__2,15,8,24.65,19.65,125.82,14.44,44.71,12
332,15_8_Se_R_A__3,15,8,24.73,17.81,117.84,12.5,52.67,12
333,15_8_Se_R_A__4,15,8,21.98,17.92,120.99,12.56,51.6,12
334,15_8_Se_R_F__0,15,8,25.58,17.69,117.5,16.31,54.0,12
335,15_8_Se_R_F__1,15,8,27.84,19.06,119.97,18.38,64.89,9
336,15_8_Se_R_F__2,15,8,22.73,18.0,123.54,12.44,65.33,9
337,15_8_Se_R_F__3,15,8,24.52,16.95,123.91,17.81,59.4,9
338,15_8_Se_R_F__4,15,8,23.46,19.82,126.99,13.88,60.14,9
339,15_8_Se_R_M__0,15,8,22.19,19.46,120.55,13.5,63.17,9
340,15_8_Se_R_M__1,15,8,22.32,18.82,123.7,16.31,58.0,9
341,15_8_Se_R_M__2,15,8,24.46,19.71,132.0,16.0,57.75,9
342,15_8_Se_R_M__3,15,8,22.63,18.0,121.92,11.88,47.5,12
343,15_8_Se_R_M__4,15,8,23.02,18.27,115.61,10.81,38.86,12
344,15_8_Se_S_A__0,15,8,23.14,18.26,22.45,14.25,62.6,6
345,15_8_Se_S_A__1,15,8,24.59,17.44,23.79,13.94,51.67,6
346,15_8_Se_S_A__2,15,8,23.08,18.54,21.65,11.5,63.5,6
347,15_8_Se_S_A__3,15,8,23.32,19.5,24.66,12.94,55.2,6
348,15_8_Se_S_A__4,15,8,21.79,17.86,23.47,14.06,54.4,6
349,15_8_Se_S_F__0,15,8,23.63,16.82,23.09,15.12,58.5,6
350,15_8_Se_S_F__1,15,8,21.95,18.95,25.1,12.94,54.62,6
351,15_8_Se_S_F__2,15,8,22.68,18.13,22.0,14.19,50.67,6
352,15_8_Se_S_F__3,15,8,24.67,17.93,24.58,16.25,63.0,6
353,15_8_Se_S_F__4,15,8,23.41,17.79,24.77,15.0,46.27,6
354,15_8_Se_S_M__0,15,8,24.69,18.61,23.89,17.44,53.5,6
355,15_8_Se_S_M__1,15,8,23.24,19.67,23.95,13.94,60.67,6
356,15_8_Se_S_M__2,15,8,23.41,18.7,22.28,11.88,52.17,6
357,15_8_Se_S_M__3,15,8,23.77,18.78,24.14,15.19,49.12,6
358,15_8_Se_S_M__4,15,8,22.74,16.92,23.91,14.56,55.71,6
359,30_2_P_R_A__0,30,2,23.21,2.4,122.36,17.94,101.43,16
360,30_2_P_R_A__1,30,2,22.5,2.37,126.76,18.84,82.67,14
361,30_2_P_R_A__2,30,2,25.42,2.24,122.87,20.19,97.12,16
362,30_2_P_R_A__3,30,2,20.92,2.21,126.4,16.55,82.88,14
363,30_2_P_R_A__4,30,2,22.66,2.43,127.66,17.77,83.0,14
364,30_2_P_R_F__0,30,2,25.58,2.37,127.75,21.81,80.44,14
365,30_2_P_R_F__1,30,2,22.08,2.3,127.07,17.48,95.09,16
366,30_2_P_R_F__2,30,2,22.66,2.31,125.81,18.61,90.38,14
367,30_2_P_R_F__3,30,2,24.35,2.29,131.81,20.03,83.13,14
368,30_2_P_R_F__4,30,2,24.4,2.28,127.23,21.03,88.47,14
369,30_2_P_R_M__0,30,2,23.84,2.37,128.65,20.03,88.64,14
370,30_2_P_R_M__1,30,2,24.35,2.29,123.19,21.03,83.58,14
371,30_2_P_R_M__2,30,2,22.4,2.35,117.76,19.48,77.0,14
372,30_2_P_R_M__3,30,2,25.19,2.34,129.55,20.45,81.33,14
373,30_2_P_R_M__4,30,2,22.81,2.46,130.18,16.81,83.5,14
374,30_2_P_S_A__0,30,2,24.77,2.37,22.58,21.1,80.3,13
375,30_2_P_S_A__1,30,2,23.5,2.3,24.69,19.13,91.25,13
376,30_2_P_S_A__2,30,2,27.18,2.28,25.12,23.26,79.17,13
377,30_2_P_S_A__3,30,2,25.34,2.34,22.94,20.9,79.5,13
378,30_2_P_S_A__4,30,2,23.68,2.28,24.83,19.9,88.0,13
379,30_2_P_S_F__0,30,2,25.94,2.32,23.53,22.35,99.36,13
380,30_2_P_S_F__1,30,2,24.02,2.36,23.8,20.55,95.46,13
381,30_2_P_S_F__2,30,2,22.05,2.34,23.75,19.23,89.08,13
382,30_2_P_S_F__3,30,2,25.35,2.43,24.01,20.71,87.33,13
383,30_2_P_S_F__4,30,2,23.52,2.34,23.78,19.9,90.07,13
384,30_2_P_S_M__0,30,2,22.42,2.34,23.71,17.94,70.67,0
385,30_2_P_S_M__1,30,2,25.05,2.33,23.95,21.52,93.18,13
386,30_2_P_S_M__2,30,2,22.34,2.3,24.63,17.19,66.77,0
387,30_2_P_S_M__3,30,2,22.45,2.45,22.55,18.55,89.2,13
388,30_2_P_S_M__4,30,2,22.02,2.43,24.2,17.87,84.4,13
389,30_2_Se_R_A__0,30,2,23.15,11.77,125.71,17.77,112.5,16
390,30_2_Se_R_A__1,30,2,24.84,13.53,128.05,21.65,97.67,16
391,30_2_Se_R_A__2,30,2,27.95,12.83,133.58,24.26,114.62,16
392,30_2_Se_R_A__3,30,2,23.31,13.94,126.88,18.68,84.44,14
393,30_2_Se_R_A__4,30,2,25.4,15.94,118.66,22.19,91.78,14
394,30_2_Se_R_F__0,30,2,24.13,12.02,123.13,19.42,94.38,16
395,30_2_Se_R_F__1,30,2,27.42,13.08,123.06,23.55,86.88,14
396,30_2_Se_R_F__2,30,2,21.81,12.79,130.18,18.94,80.0,14
397,30_2_Se_R_F__3,30,2,20.98,14.8,127.93,16.06,81.92,14
398,30_2_Se_R_F__4,30,2,25.44,14.09,123.92,22.0,75.89,14
399,30_2_Se_R_M__0,30,2,25.26,12.22,125.71,21.61,101.3,16
400,30_2_Se_R_M__1,30,2,23.11,11.96,124.82,18.74,81.91,14
401,30_2_Se_R_M__2,30,2,24.55,12.88,128.0,19.42,76.08,14
402,30_2_Se_R_M__3,30,2,21.39,12.34,123.11,16.32,99.62,16
403,30_2_Se_R_M__4,30,2,25.81,13.33,126.89,21.23,85.25,14
404,30_2_Se_S_A__0,30,2,26.23,13.93,25.38,22.97,99.44,13
405,30_2_Se_S_A__1,30,2,25.48,13.43,23.34,22.48,94.33,13
406,30_2_Se_S_A__2,30,2,24.39,13.14,24.85,20.42,102.12,13
407,30_2_Se_S_A__3,30,2,24.0,12.22,23.66,19.42,93.75,13
408,30_2_Se_S_A__4,30,2,23.55,13.81,24.48,19.45,98.0,13
409,30_2_Se_S_F__0,30,2,26.37,14.76,25.09,20.97,94.5,13
410,30_2_Se_S_F__1,30,2,25.13,13.19,23.06,22.45,85.62,13
411,30_2_Se_S_F__2,30,2,23.42,11.82,25.08,20.61,112.27,13
412,30_2_Se_S_F__3,30,2,27.58,12.1,24.57,24.1,90.44,13
413,30_2_Se_S_F__4,30,2,23.26,15.98,24.53,18.29,68.18,0
414,30_2_Se_S_M__0,30,2,23.95,13.12,23.76,19.61,104.89,13
415,30_2_Se_S_M__1,30,2,24.63,12.67,24.18,19.45,94.5,13
416,30_2_Se_S_M__2,30,2,27.6,12.98,24.49,24.03,91.08,13
417,30_2_Se_S_M__3,30,2,23.35,13.5,23.46,19.52,90.7,13
418,30_2_Se_S_M__4,30,2,22.85,11.7,22.87,18.45,97.56,13
419,30_4_P_R_A__0,30,4,25.29,2.35,129.32,17.32,67.7,11
420,30_4_P_R_A__1,30,4,25.52,2.34,130.59,18.29,66.82,11
421,30_4_P_R_A__2,30,4,22.7,2.32,121.08,15.9,57.09,11
422,30_4_P_R_A__3,30,4,22.62,2.37,131.36,14.29,63.89,11
423,30_4_P_R_A__4,30,4,22.5,2.33,125.78,16.1,81.25,14
424,30_4_P_R_F__0,30,4,24.54,2.37,121.7,16.39,61.5,11
425,30_4_P_R_F__1,30,4,24.98,2.4,124.7,18.03,83.07,14
426,30_4_P_R_F__2,30,4,26.73,2.41,124.56,18.55,77.6,14
427,30_4_P_R_F__3,30,4,23.09,2.26,133.76,16.0,64.53,11
428,30_4_P_R_F__4,30,4,24.42,2.37,126.63,18.52,60.37,11
429,30_4_P_R_M__0,30,4,25.25,2.35,123.78,15.9,59.38,11
430,30_4_P_R_M__1,30,4,23.94,2.32,128.56,16.19,77.5,14
431,30_4_P_R_M__2,30,4,22.18,2.26,122.19,16.03,75.9,14
432,30_4_P_R_M__3,30,4,25.65,2.3,131.44,19.03,88.8,14
433,30_4_P_R_M__4,30,4,24.73,2.38,123.57,17.97,89.2,14
434,30_4_P_S_A__0,30,4,22.97,2.37,24.45,14.35,74.62,0
435,30_4_P_S_A__1,30,4,24.6,2.37,24.86,18.19,71.0,0
436,30_4_P_S_A__2,30,4,23.87,2.37,22.83,15.94,68.0,0
437,30_4_P_S_A__3,30,4,24.6,2.29,22.84,16.45,88.71,13
438,30_4_P_S_A__4,30,4,23.31,2.32,22.78,16.77,76.56,0
439,30_4_P_S_F__0,30,4,24.37,2.27,24.13,17.45,65.75,0
440,30_4_P_S_F__1,30,4,25.74,2.39,23.76,17.65,96.64,13
441,30_4_P_S_F__2,30,4,22.39,2.36,24.25,15.03,69.23,0
442,30_4_P_S_F__3,30,4,25.39,2.39,24.14,17.84,72.67,0
443,30_4_P_S_F__4,30,4,25.56,2.35,24.95,20.13,84.27,13
444,30_4_P_S_M__0,30,4,22.77,2.37,22.75,13.74,65.2,0
445,30_4_P_S_M__1,30,4,24.87,2.31,23.88,16.45,77.1,0
446,30_4_P_S_M__2,30,4,26.15,2.36,24.4,17.32,63.31,0
447,30_4_P_S_M__3,30,4,26.86,2.37,23.61,18.97,81.33,13
448,30_4_P_S_M__4,30,4,24.6,2.34,25.06,17.32,73.91,0
449,30_4_Se_R_A__0,30,4,26.98,12.97,127.07,20.52,68.83,11
450,30_4_Se_R_A__1,30,4,23.63,13.42,125.94,15.29,85.43,14
451,30_4_Se_R_A__2,30,4,24.2,12.99,124.22,16.94,82.62,14
452,30_4_Se_R_A__3,30,4,22.95,12.56,128.24,15.03,71.88,14
453,30_4_Se_R_A__4,30,4,24.23,13.12,130.06,16.61,72.44,14
454,30_4_Se_R_F__0,30,4,24.81,14.35,124.07,16.61,63.81,11
455,30_4_Se_R_F__1,30,4,24.12,11.54,123.68,18.26,91.33,14
456,30_4_Se_R_F__2,30,4,25.69,13.11,128.04,17.26,71.2,14
457,30_4_Se_R_F__3,30,4,23.13,12.45,131.88,17.26,73.86,14
458,30_4_Se_R_F__4,30,4,23.66,13.85,119.25,16.35,69.33,11
459,30_4_Se_R_M__0,30,4,23.23,13.36,127.53,15.03,89.88,14
460,30_4_Se_R_M__1,30,4,24.45,12.69,122.25,17.45,77.18,14
461,30_4_Se_R_M__2,30,4,23.38,11.43,125.03,16.81,76.27,14
462,30_4_Se_R_M__3,30,4,23.89,12.97,122.88,15.48,73.18,14
463,30_4_Se_R_M__4,30,4,24.61,14.43,120.08,18.45,65.64,11
464,30_4_Se_S_A__0,30,4,25.54,14.25,25.22,18.35,76.11,0
465,30_4_Se_S_A__1,30,4,24.25,12.06,22.24,17.94,65.55,0
466,30_4_Se_S_A__2,30,4,27.61,13.14,23.42,20.45,80.9,13
467,30_4_Se_S_A__3,30,4,22.31,13.12,24.09,16.65,79.38,13
468,30_4_Se_S_A__4,30,4,24.22,13.24,23.29,17.1,76.22,0
469,30_4_Se_S_F__0,30,4,25.34,12.52,23.9,17.23,81.77,13
470,30_4_Se_S_F__1,30,4,24.93,12.87,24.55,18.58,72.19,0
471,30_4_Se_S_F__2,30,4,25.35,13.38,24.57,18.32,75.33,0
472,30_4_Se_S_F__3,30,4,24.62,14.17,25.14,17.52,75.07,0
473,30_4_Se_S_F__4,30,4,24.51,13.71,24.32,18.68,65.65,0
474,30_4_Se_S_M__0,30,4,21.27,12.12,24.58,13.77,67.6,0
475,30_4_Se_S_M__1,30,4,24.3,13.47,24.09,16.68,78.3,0
476,30_4_Se_S_M__2,30,4,24.53,11.95,23.13,17.26,82.8,13
477,30_4_Se_S_M__3,30,4,23.52,13.67,23.57,16.84,68.42,0
478,30_4_Se_S_M__4,30,4,25.23,13.16,24.23,17.29,89.2,13
479,30_8_P_R_A__0,30,8,25.13,2.36,124.35,14.39,67.38,11
480,30_8_P_R_A__1,30,8,24.65,2.34,114.08,14.16,61.1,11
481,30_8_P_R_A__2,30,8,23.66,2.3,129.98,16.1,62.9,11
482,30_8_P_R_A__3,30,8,24.77,2.29,121.66,14.84,76.62,14
483,30_8_P_R_A__4,30,8,24.56,2.33,124.1,14.45,73.25,14
484,30_8_P_R_F__0,30,8,24.98,2.36,121.24,15.48,62.47,11
485,30_8_P_R_F__1,30,8,24.83,2.3,133.54,15.0,52.41,11
486,30_8_P_R_F__2,30,8,24.73,2.3,124.06,17.29,86.25,14
487,30_8_P_R_F__3,30,8,24.29,2.27,125.66,15.35,56.81,11
488,30_8_P_R_F__4,30,8,23.98,2.32,121.89,14.9,65.64,11
489,30_8_P_R_M__0,30,8,22.97,2.36,127.68,13.9,56.5,11
490,30_8_P_R_M__1,30,8,24.16,2.34,129.71,16.58,60.15,11
491,30_8_P_R_M__2,30,8,24.21,2.33,129.59,13.35,56.55,11
492,30_8_P_R_M__3,30,8,24.44,2.34,123.5,13.35,56.33,11
493,30_8_P_R_M__4,30,8,23.97,2.32,125.26,14.87,63.18,11
494,30_8_P_S_A__0,30,8,23.54,2.4,23.46,15.19,70.22,0
495,30_8_P_S_A__1,30,8,23.62,2.35,23.81,14.03,58.89,0
496,30_8_P_S_A__2,30,8,23.75,2.31,23.79,14.55,60.2,0
497,30_8_P_S_A__3,30,8,23.76,2.26,23.1,14.32,48.82,3
498,30_8_P_S_A__4,30,8,24.31,2.38,24.35,14.1,60.0,0
499,30_8_P_S_F__0,30,8,23.85,2.31,24.04,14.97,59.8,0
500,30_8_P_S_F__1,30,8,24.25,2.37,23.72,15.81,47.19,3
501,30_8_P_S_F__2,30,8,24.04,2.29,22.62,14.81,54.06,0
502,30_8_P_S_F__3,30,8,26.06,2.36,22.62,15.61,66.6,0
503,30_8_P_S_F__4,30,8,24.87,2.35,24.14,17.58,59.56,0
504,30_8_P_S_M__0,30,8,24.44,2.32,23.74,13.68,56.33,0
505,30_8_P_S_M__1,30,8,23.76,2.31,23.49,12.61,40.4,3
506,30_8_P_S_M__2,30,8,24.49,2.34,23.37,16.48,73.91,0
507,30_8_P_S_M__3,30,8,24.02,2.32,24.32,14.48,49.29,3
508,30_8_P_S_M__4,30,8,23.44,2.33,23.71,14.35,61.0,0
509,30_8_Se_R_A__0,30,8,23.8,13.07,126.57,14.06,62.11,11
510,30_8_Se_R_A__1,30,8,24.23,13.1,126.42,15.13,60.6,11
511,30_8_Se_R_A__2,30,8,22.83,12.52,116.84,14.81,66.44,11
512,30_8_Se_R_A__3,30,8,24.27,12.96,131.71,16.13,55.45,11
513,30_8_Se_R_A__4,30,8,24.99,13.63,122.36,16.06,85.12,14
514,30_8_Se_R_F__0,30,8,24.75,12.92,119.13,16.74,76.77,14
515,30_8_Se_R_F__1,30,8,24.4,12.85,128.89,15.52,66.57,11
516,30_8_Se_R_F__2,30,8,24.54,14.27,126.2,11.97,56.62,11
517,30_8_Se_R_F__3,30,8,23.88,13.03,120.98,16.1,65.2,11
518,30_8_Se_R_F__4,30,8,26.45,13.56,118.05,16.9,59.29,11
519,30_8_Se_R_M__0,30,8,24.25,13.28,120.47,13.94,60.73,11
520,30_8_Se_R_M__1,30,8,23.29,12.64,129.79,12.94,58.36,11
521,30_8_Se_R_M__2,30,8,25.85,12.68,127.56,17.35,73.36,14
522,30_8_Se_R_M__3,30,8,25.86,12.5,130.02,16.23,66.42,11
523,30_8_Se_R_M__4,30,8,26.46,12.96,124.91,16.42,62.62,11
524,30_8_Se_S_A__0,30,8,25.28,12.55,24.1,13.97,70.88,0
525,30_8_Se_S_A__1,30,8,25.47,13.86,23.68,15.29,47.0,3
526,30_8_Se_S_A__2,30,8,23.38,13.45,25.18,15.06,55.55,0
527,30_8_Se_S_A__3,30,8,23.09,13.66,22.45,13.45,50.64,0
528,30_8_Se_S_A__4,30,8,24.77,13.05,23.41,16.68,52.5,0
529,30_8_Se_S_F__0,30,8,23.79,13.52,22.39,14.45,67.92,0
530,30_8_Se_S_F__1,30,8,24.57,13.04,24.06,13.29,55.93,0
531,30_8_Se_S_F__2,30,8,25.8,13.26,23.21,16.58,58.59,0
532,30_8_Se_S_F__3,30,8,24.92,13.51,24.48,17.03,66.75,0
533,30_8_Se_S_F__4,30,8,22.46,14.22,23.32,14.61,55.94,0
534,30_8_Se_S_M__0,30,8,23.87,12.27,22.68,14.26,56.83,0
535,30_8_Se_S_M__1,30,8,24.1,12.98,23.9,15.0,65.18,0
536,30_8_Se_S_M__2,30,8,24.31,13.53,23.18,17.03,67.67,0
537,30_8_Se_S_M__3,30,8,25.49,12.05,24.7,16.77,68.0,0
538,30_8_Se_S_M__4,30,8,24.73,12.81,23.86,14.32,51.46,0
539,50_2_P_R_A__0,50,2,25.25,2.21,124.95,21.29,78.59,8
540,50_2_P_R_A__1,50,2,23.03,2.24,129.0,18.82,84.71,8
541,50_2_P_R_A__2,50,2,22.36,2.2,128.8,19.08,98.75,8
542,50_2_P_R_A__3,50,2,23.16,2.2,126.42,19.22,84.5,8
543,50_2_P_R_A__4,50,2,24.23,2.2,127.77,19.41,85.64,8
544,50_2_P_R_F__0,50,2,26.25,2.15,125.97,22.51,85.04,8
545,50_2_P_R_F__1,50,2,22.52,2.15,127.57,18.53,80.65,8
546,50_2_P_R_F__2,50,2,24.6,2.24,126.79,20.71,101.1,8
547,50_2_P_R_F__3,50,2,23.49,2.24,126.15,18.96,90.52,8
548,50_2_P_R_F__4,50,2,23.85,2.19,131.9,18.45,98.53,8
549,50_2_P_R_M__0,50,2,23.23,2.2,124.4,19.41,79.1,8
550,50_2_P_R_M__1,50,2,24.74,2.17,125.09,20.82,76.57,8
551,50_2_P_R_M__2,50,2,24.07,2.22,124.87,20.12,73.33,2
552,50_2_P_R_M__3,50,2,24.89,2.24,126.05,19.98,93.0,8
553,50_2_P_R_M__4,50,2,21.96,2.19,124.18,18.14,70.65,2
554,50_2_P_S_A__0,50,2,22.67,2.19,24.2,17.53,86.46,5
555,50_2_P_S_A__1,50,2,23.03,2.22,24.14,18.82,75.94,5
556,50_2_P_S_A__2,50,2,24.53,2.16,24.98,20.69,95.86,5
557,50_2_P_S_A__3,50,2,23.65,2.28,24.82,19.35,82.6,5
558,50_2_P_S_A__4,50,2,24.73,2.19,23.07,20.47,83.6,5
559,50_2_P_S_F__0,50,2,23.77,2.2,23.81,20.35,70.89,15
560,50_2_P_S_F__1,50,2,26.16,2.18,24.35,22.37,91.62,5
561,50_2_P_S_F__2,50,2,23.49,2.31,23.74,19.92,79.08,5
562,50_2_P_S_F__3,50,2,24.07,2.19,23.71,18.71,87.23,5
563,50_2_P_S_F__4,50,2,23.51,2.26,23.97,18.61,83.82,5
564,50_2_P_S_M__0,50,2,27.24,2.21,23.84,22.43,87.55,5
565,50_2_P_S_M__1,50,2,23.96,2.2,24.72,18.71,85.0,5
566,50_2_P_S_M__2,50,2,25.71,2.18,23.61,22.57,93.16,5
567,50_2_P_S_M__3,50,2,26.86,2.22,24.57,22.61,99.33,5
568,50_2_P_S_M__4,50,2,25.46,2.2,23.71,21.61,81.29,5
569,50_2_Se_R_A__0,50,2,23.07,10.89,131.11,19.63,78.56,8
570,50_2_Se_R_A__1,50,2,22.26,9.45,128.78,17.53,83.08,8
571,50_2_Se_R_A__2,50,2,24.34,10.53,124.85,20.43,84.38,8
572,50_2_Se_R_A__3,50,2,23.4,10.21,124.21,19.18,114.0,8
573,50_2_Se_R_A__4,50,2,26.4,10.13,124.97,22.65,97.6,8
574,50_2_Se_R_F__0,50,2,22.86,9.63,126.43,18.96,90.24,8
575,50_2_Se_R_F__1,50,2,22.42,9.96,128.45,18.71,68.15,2
576,50_2_Se_R_F__2,50,2,25.58,9.94,128.94,21.06,79.85,8
577,50_2_Se_R_F__3,50,2,24.65,9.44,127.29,21.24,87.17,8
578,50_2_Se_R_F__4,50,2,24.63,10.13,124.23,21.53,91.17,8
579,50_2_Se_R_M__0,50,2,26.99,9.74,123.78,22.22,107.75,8
580,50_2_Se_R_M__1,50,2,24.33,9.62,120.92,19.69,79.63,8
581,50_2_Se_R_M__2,50,2,23.89,9.46,127.84,20.0,77.6,8
582,50_2_Se_R_M__3,50,2,24.16,10.34,122.14,21.29,96.12,8
583,50_2_Se_R_M__4,50,2,25.14,9.45,125.87,20.92,81.15,8
584,50_2_Se_S_A__0,50,2,25.75,9.96,23.89,22.06,80.65,5
585,50_2_Se_S_A__1,50,2,24.77,9.36,24.9,20.86,88.6,5
586,50_2_Se_S_A__2,50,2,23.31,10.49,23.02,19.39,85.33,5
587,50_2_Se_S_A__3,50,2,25.56,10.18,23.9,21.98,113.17,5
588,50_2_Se_S_A__4,50,2,22.57,10.54,23.42,18.55,95.15,5
589,50_2_Se_S_F__0,50,2,25.93,9.46,23.65,22.1,88.12,5
590,50_2_Se_S_F__1,50,2,23.35,9.62,23.19,18.71,96.3,5
591,50_2_Se_S_F__2,50,2,23.06,9.68,24.31,17.98,87.45,5
592,50_2_Se_S_F__3,50,2,24.03,10.07,24.55,20.1,88.59,5
593,50_2_Se_S_F__4,50,2,23.53,9.98,24.67,19.53,94.85,5
594,50_2_Se_S_M__0,50,2,25.1,10.01,24.21,20.67,93.88,5
595,50_2_Se_S_M__1,50,2,22.55,10.43,24.21,18.49,85.59,5
596,50_2_Se_S_M__2,50,2,26.76,9.83,24.0,22.45,95.72,5
597,50_2_Se_S_M__3,50,2,22.33,9.84,24.11,19.37,91.18,5
598,50_2_Se_S_M__4,50,2,21.17,9.54,24.34,16.73,67.89,15
599,50_4_P_R_A__0,50,4,25.0,2.21,125.6,17.25,70.6,2
600,50_4_P_R_A__1,50,4,24.47,2.2,120.69,17.29,79.86,8
601,50_4_P_R_A__2,50,4,24.18,2.23,127.93,17.08,72.53,2
602,50_4_P_R_A__3,50,4,23.97,2.22,127.07,15.33,66.27,2
603,50_4_P_R_A__4,50,4,25.88,2.18,126.37,18.22,76.33,8
604,50_4_P_R_F__0,50,4,24.1,2.19,131.21,16.65,71.33,2
605,50_4_P_R_F__1,50,4,23.85,2.17,128.04,15.29,67.36,2
606,50_4_P_R_F__2,50,4,24.25,2.2,129.68,16.49,70.52,2
607,50_4_P_R_F__3,50,4,23.95,2.2,125.62,17.47,86.35,8
608,50_4_P_R_F__4,50,4,25.3,2.18,121.42,18.73,85.0,8
609,50_4_P_R_M__0,50,4,24.59,2.22,123.42,18.39,71.85,2
610,50_4_P_R_M__1,50,4,24.37,2.22,126.47,17.2,73.94,2
611,50_4_P_R_M__2,50,4,25.3,2.22,124.7,17.59,85.81,8
612,50_4_P_R_M__3,50,4,26.32,2.2,128.87,18.92,80.11,8
613,50_4_P_R_M__4,50,4,25.28,2.2,126.88,17.96,73.21,2
614,50_4_P_S_A__0,50,4,24.68,2.21,23.3,18.84,76.5,5
615,50_4_P_S_A__1,50,4,25.85,2.21,23.51,17.33,82.69,5
616,50_4_P_S_A__2,50,4,25.67,2.19,23.29,18.59,76.93,5
617,50_4_P_S_A__3,50,4,23.83,2.21,24.42,16.57,83.38,5
618,50_4_P_S_A__4,50,4,23.66,2.21,24.21,15.63,56.29,15
619,50_4_P_S_F__0,50,4,25.52,2.2,24.2,18.73,80.0,5
620,50_4_P_S_F__1,50,4,23.75,2.24,24.21,16.27,71.13,15
621,50_4_P_S_F__2,50,4,23.55,2.22,25.02,16.31,68.38,15
622,50_4_P_S_F__3,50,4,23.42,2.24,25.26,17.73,74.62,15
623,50_4_P_S_F__4,50,4,26.13,2.21,23.73,17.98,70.64,15
624,50_4_P_S_M__0,50,4,25.25,2.2,23.45,18.08,77.84,5
625,50_4_P_S_M__1,50,4,24.43,2.2,24.53,15.31,72.06,15
626,50_4_P_S_M__2,50,4,23.81,2.19,24.35,17.37,64.95,15
627,50_4_P_S_M__3,50,4,24.46,2.23,24.15,16.69,74.78,15
628,50_4_P_S_M__4,50,4,23.24,2.21,23.85,16.02,83.13,5
629,50_4_Se_R_A__0,50,4,22.63,9.49,128.26,15.59,71.0,2
630,50_4_Se_R_A__1,50,4,23.06,9.06,124.2,16.53,64.19,2
631,50_4_Se_R_A__2,50,4,23.88,9.96,124.82,16.2,70.07,2
632,50_4_Se_R_A__3,50,4,23.42,10.4,125.65,14.94,64.8,2
633,50_4_Se_R_A__4,50,4,23.21,10.06,127.75,15.39,63.25,2
634,50_4_Se_R_F__0,50,4,24.12,9.12,130.81,16.67,77.55,8
635,50_4_Se_R_F__1,50,4,23.11,9.34,125.09,14.51,73.25,2
636,50_4_Se_R_F__2,50,4,24.46,9.89,126.1,16.59,78.24,8
637,50_4_Se_R_F__3,50,4,25.68,9.36,126.98,16.9,92.26,8
638,50_4_Se_R_F__4,50,4,24.5,10.12,125.34,16.73,72.35,2
639,50_4_Se_R_M__0,50,4,25.32,9.74,129.22,18.37,66.95,2
640,50_4_Se_R_M__1,50,4,24.99,10.34,125.33,16.67,79.75,8
641,50_4_Se_R_M__2,50,4,24.59,10.18,125.77,17.02,70.79,2
642,50_4_Se_R_M__3,50,4,24.98,10.43,127.36,17.06,70.63,2
643,50_4_Se_R_M__4,50,4,23.72,9.95,126.8,15.45,68.06,2
644,50_4_Se_S_A__0,50,4,25.82,9.47,24.53,19.04,77.87,5
645,50_4_Se_S_A__1,50,4,24.49,10.17,24.15,16.67,64.12,15
646,50_4_Se_S_A__2,50,4,23.98,9.67,24.12,17.0,86.38,5
647,50_4_Se_S_A__3,50,4,25.03,10.24,24.08,16.94,78.93,5
648,50_4_Se_S_A__4,50,4,24.3,9.63,23.52,16.29,80.31,5
649,50_4_Se_S_F__0,50,4,24.6,10.24,23.94,16.37,79.3,5
650,50_4_Se_S_F__1,50,4,26.11,10.32,24.32,18.27,90.95,5
651,50_4_Se_S_F__2,50,4,22.08,9.47,23.61,15.69,71.27,15
652,50_4_Se_S_F__3,50,4,23.09,10.09,23.84,16.06,66.33,15
653,50_4_Se_S_F__4,50,4,23.84,9.71,24.11,15.8,75.24,15
654,50_4_Se_S_M__0,50,4,24.06,9.34,23.5,17.04,88.4,5
655,50_4_Se_S_M__1,50,4,24.6,9.63,24.11,17.0,64.05,15
656,50_4_Se_S_M__2,50,4,24.42,10.22,24.47,15.33,70.94,15
657,50_4_Se_S_M__3,50,4,23.78,10.85,24.73,16.88,76.18,5
658,50_4_Se_S_M__4,50,4,25.0,9.32,23.48,17.71,81.28,5
659,50_8_P_R_A__0,50,8,25.14,2.21,129.43,15.78,68.47,2
660,50_8_P_R_A__1,50,8,24.03,2.2,122.81,13.43,65.77,2
661,50_8_P_R_A__2,50,8,24.22,2.22,131.09,13.84,54.31,2
662,50_8_P_R_A__3,50,8,24.39,2.21,129.65,14.57,53.12,2
663,50_8_P_R_A__4,50,8,25.15,2.23,125.51,15.63,64.0,2
664,50_8_P_R_F__0,50,8,24.24,2.18,123.89,14.92,58.42,2
665,50_8_P_R_F__1,50,8,24.39,2.21,125.84,15.06,58.36,2
666,50_8_P_R_F__2,50,8,23.71,2.22,128.25,14.92,53.74,2
667,50_8_P_R_F__3,50,8,24.0,2.22,126.9,15.14,56.77,2
668,50_8_P_R_F__4,50,8,24.76,2.21,126.3,16.04,76.24,2
669,50_8_P_R_M__0,50,8,24.15,2.21,125.01,13.86,57.68,2
670,50_8_P_R_M__1,50,8,24.48,2.21,128.63,13.27,63.44,2
671,50_8_P_R_M__2,50,8,25.3,2.22,130.67,16.0,79.19,8
672,50_8_P_R_M__3,50,8,25.01,2.2,123.91,15.84,70.72,2
673,50_8_P_R_M__4,50,8,24.34,2.2,121.91,15.27,65.39,2
674,50_8_P_S_A__0,50,8,24.11,2.2,23.9,13.18,76.91,5
675,50_8_P_S_A__1,50,8,23.5,2.19,24.07,15.22,58.81,15
676,50_8_P_S_A__2,50,8,25.23,2.18,25.01,16.49,63.44,15
677,50_8_P_S_A__3,50,8,24.91,2.2,24.69,14.24,71.46,15
678,50_8_P_S_A__4,50,8,24.48,2.21,24.71,14.51,59.73,15
679,50_8_P_S_F__0,50,8,24.67,2.21,24.14,13.61,67.85,15
680,50_8_P_S_F__1,50,8,24.85,2.2,24.87,15.02,59.24,15
681,50_8_P_S_F__2,50,8,23.86,2.19,25.02,14.76,69.24,15
682,50_8_P_S_F__3,50,8,23.82,2.23,23.76,13.88,60.57,15
683,50_8_P_S_F__4,50,8,23.3,2.2,23.62,14.94,59.44,15
684,50_8_P_S_M__0,50,8,25.75,2.2,24.15,14.63,56.2,15
685,50_8_P_S_M__1,50,8,24.77,2.21,23.91,15.73,58.52,15
686,50_8_P_S_M__2,50,8,25.0,2.19,23.83,16.37,61.43,15
687,50_8_P_S_M__3,50,8,23.73,2.19,23.31,14.9,78.33,5
688,50_8_P_S_M__4,50,8,23.63,2.23,24.03,15.78,60.19,15
689,50_8_Se_R_A__0,50,8,25.11,9.48,129.61,15.71,66.13,2
690,50_8_Se_R_A__1,50,8,24.15,9.8,126.83,12.47,57.21,2
691,50_8_Se_R_A__2,50,8,23.81,9.97,124.12,14.14,73.75,2
692,50_8_Se_R_A__3,50,8,24.29,10.31,124.36,13.49,65.77,2
693,50_8_Se_R_A__4,50,8,24.94,10.33,125.19,16.35,60.59,2
694,50_8_Se_R_F__0,50,8,24.26,9.47,125.78,14.61,60.88,2
695,50_8_Se_R_F__1,50,8,26.04,9.64,130.12,15.84,65.46,2
696,50_8_Se_R_F__2,50,8,24.4,10.02,128.41,16.22,64.28,2
697,50_8_Se_R_F__3,50,8,24.72,9.84,130.11,14.08,58.96,2
698,50_8_Se_R_F__4,50,8,23.62,9.94,127.48,14.02,56.75,2
699,50_8_Se_R_M__0,50,8,24.47,9.76,128.61,14.41,55.25,2
700,50_8_Se_R_M__1,50,8,24.24,9.99,123.97,14.94,55.81,2
701,50_8_Se_R_M__2,50,8,24.05,10.16,121.95,13.88,54.9,2
702,50_8_Se_R_M__3,50,8,23.62,9.51,122.27,13.04,61.06,2
703,50_8_Se_R_M__4,50,8,25.11,10.18,127.04,16.39,59.5,2
704,50_8_Se_S_A__0,50,8,23.64,9.94,24.11,13.1,63.92,15
705,50_8_Se_S_A__1,50,8,25.46,10.09,24.35,16.57,75.29,15
706,50_8_Se_S_A__2,50,8,24.36,10.35,23.88,15.49,58.94,15
707,50_8_Se_S_A__3,50,8,23.76,9.81,24.1,14.2,62.86,15
708,50_8_Se_S_A__4,50,8,23.4,10.16,23.33,13.76,59.4,15
709,50_8_Se_S_F__0,50,8,24.9,9.8,24.04,15.45,77.05,5
710,50_8_Se_S_F__1,50,8,25.21,10.37,24.49,14.84,75.0,15
711,50_8_Se_S_F__2,50,8,23.62,10.35,24.55,13.47,60.32,15
712,50_8_Se_S_F__3,50,8,25.12,10.49,25.12,16.27,62.77,15
713,50_8_Se_S_F__4,50,8,23.91,10.33,24.74,15.57,69.0,15
714,50_8_Se_S_M__0,50,8,24.71,9.84,23.38,14.92,62.84,15
715,50_8_Se_S_M__1,50,8,24.54,9.61,23.47,15.1,59.5,15
716,50_8_Se_S_M__2,50,8,24.89,10.24,24.67,15.06,73.31,15
717,50_8_Se_S_M__3,50,8,23.99,9.7,24.54,15.98,58.76,15
718,50_8_Se_S_M__4,50,8,22.59,10.45,24.15,14.25,61.78,15
